use tablet_dispenser;

insert into preparations (preparation_name, preparation_doze) values
('Диабетон','60мг'),
('Физиотенс','0.4мг'),
('Креон','10000'),
('Арбидол','500мг'),
('L-тироксин','200мг'),
('Сорбифер','100мг'),
('Сумамед','500мг'),
('Аллопуринол','100мг'),
('Тирозол','10мг'),
('Фороза','70мг');

-- select * from preparations;

insert into clinics (clinic_name, clinic_address, clinic_phone) values
('ГУЗ Поликлиника №1','г. Волгоград, пр. Металлургов, 7','7-844-258-74-35'),
('ГУЗ Поликлиника №2','г. Волгоград, пр. Металлургов, 8','7-844-258-74-36'),
('ГУЗ Поликлиника №3','г. Волгоград, пр. Металлургов, 9','7-844-258-74-37'),
('ГУЗ Поликлиника №4','г. Волгоград, пр. Металлургов, 10','7-844-258-74-38'),
('ГУЗ Поликлиника №5','г. Волгоград, пр. Металлургов, 11','7-844-258-74-39'),
('ГУЗ Поликлиника №6','г. Волгоград, пр. Металлургов, 12','7-844-258-74-40'),
('ГУЗ Поликлиника №7','г. Волгоград, пр. Металлургов, 13','7-844-258-74-41'),
('ГУЗ Поликлиника №8','г. Волгоград, пр. Металлургов, 14','7-844-258-74-42'),
('ГУЗ Поликлиника №9','г. Волгоград, пр. Металлургов, 15','7-844-258-74-43'),
('ГУЗ Поликлиника №10','г. Волгоград, пр. Металлургов, 16','7-844-258-74-44');

insert into doctors (doctor_phone, doctor_specialization, doctor_first_name, doctor_patronymic, doctor_last_name, id_clinic) values
('7-984-121-45-00','Эндокринолог','Елена','Викторовна','Морозова',1),
('7-984-121-45-01','Кардиолог','Алина','Викторовна','Кострова',1),
('7-984-121-45-02','Терапевт','Надежда','Павловна','Михайлова',2),
('7-984-121-45-03','Терапевт','Мария','Сергеевна','Привалова',2),
('7-984-121-45-04','Эндокринолог','Наталья','Дмитриевна','Терентьева',3),
('7-984-121-45-05','Терапевт','Виола','Викторовна','Морозова',3),
('7-984-121-45-06','Терапевт','Наталья','Евгеньевна','Стрижева',4),
('7-984-121-45-07','Ревматолог','Артем','Александрович','Сухов',5),
('7-984-121-45-08','Эндокринолог','Ольга','Викторовна','Морозова',6),
('7-984-121-45-09','Ревматолог','Павел','Альбертович','Морозов',7);

insert into diagnosis (icd_10_code, diagnosis_name) values
('E11','Диабет'),
('I12','Гипертоническая болезнь'),
('K86','Панкреатит'),
('J06','Орви'),
('E01','Гипотериоз'),
('D63','Анемия'),
('N11','Пилонефрит'),
('M10','Падагра'),
('E05','Тереотоксикоз'),
('M81','Остеопороз');

insert into guardians(guardian_phone, guardian_first_name, guardian_patronymic, guardian_last_name) values
('7-985-122-44-61','Наталья','Сергеевна','Иванова'),
('7-985-122-44-62','Сергей','Михайлович','Зубенко'),
('7-985-122-44-63','Наталья','Сергеевна','Иванова'),
('7-985-122-44-64','Надежда','Викторовна','Остапова'),
('7-985-122-44-65','Михаил','Петрович','Жмых'),
('7-985-122-44-66','Евгений','Сергеевич','Николаев'),
('7-985-122-44-67','Наталья','Павловна','Резнова'),
('7-985-122-44-68','Имран','Ибрагимоич','Захаев'),
('7-985-122-44-69','Семен','Владимирович','Персунов'),
('7-985-122-44-69','Семен','Владимирович','Персунов');

-- delete from guardians where id_guardians > 5;

insert into patients(patient_phone, patient_born, patient_first_name, patient_patronymic, patient_last_name) values
('7-988-123-45-67','1954.06.01','Иван','Иванович','Иванов'),
('7-988-123-45-68','1954.06.02','Михаил','Петрович','Зубенко'),
('7-988-123-45-69','1954.06.03','Ольга','Павловна','Остапова'),
('7-988-123-45-70','1954.06.04','Елена','Михайловна','Иванова'),
('7-988-123-45-71','1954.06.05','Наталья','Сергеевна','Жмых'),
('7-988-123-45-72','1923.08.01','Дмитрий','Геннадьевич','Петренко'),
('7-988-123-45-73','1913.05.20','Виктор','Михайлович','Резнов'),
('7-988-123-45-74','1970.05.10','Владимир','Сергеевич','Макаров'),
('7-988-123-45-75','1970.06.08','Елена','Михайловна','Тихонова'),
('7-988-123-45-76','1963.06.08','Ольга','Дмитриевна','Сахарова');

-- select * from patients;

insert into patients_to_diagnosis (icd_10_code, id_patients) values
('E11', 1),
('I12', 2),
('K86', 3),
('J06', 4),
('E01', 5),
('D63', 6),
('N11', 7),
('M10', 8),
('E05', 9),
('M81', 10);

insert into patients_to_guardians (id_guardians,id_patients, guardian_reletionship) values
(1,1,'Мать'),
(2,2,'Сын'),
(3,3,'Дочь'),
(4,4,null),
(5,5,'Брат'),
(6,6,null),
(7,7,'Жена'),
(8,8,null),
(9,9,'Муж'),
(10,10,null);

insert into cells (cell_count, cell_mass) values
(1,0.1),
(2,0.5),
(3,0.7),
(4,0.8),
(3,0.6),
(3,0.1),
(2,0.9),
(1,0.3),
(4,0.4),
(5,0.7);

insert into plan_receptions (reception_data_start, reception_data_end, reception_data_period, 
reception_data, reception_rule, pils_count, id_preparation, id_patient, id_doctor) values
('2022.03.01 7:00:00','2022.03.02 23:00:00',null,'12:00:00','Принимать по',1,1,1,1),
('2022.03.01 7:00:00','2022.03.02 23:00:00','03:00:00',null,'Принимать по',1,2,2,2),
('2022.03.01 7:00:00','2022.03.03 23:00:00',null,'12:00:00','Принимать по',1,3,3,3),
('2022.03.01 7:00:00','2022.03.04 23:00:00','03:00:00',null,'Принимать по',1,4,4,4),
('2022.03.01 7:00:00','2022.03.05 23:00:00',null,'12:00:00','Принимать по',1,5,5,5),
('2022.03.01 7:00:00','2022.03.06 23:00:00','03:00:00',null,'Принимать по',1,6,6,6),
('2022.03.01 7:00:00','2022.03.07 23:00:00',null,'12:00:00','Принимать по',1,7,7,7),
('2022.03.01 7:00:00','2022.03.08 23:00:00','03:00:00',null,'Принимать по',1,8,8,8),
('2022.03.01 7:00:00','2022.03.09 23:00:00',null,'12:00:00','Принимать по',1,9,9,9),
('2022.03.01 7:00:00','2022.03.10 23:00:00','03:00:00',null,'Принимать по',1,10,10,10);

insert into cells_to_plan_receptions (id_cell,id_reception) values
(1,1),
(2,2),
(3,3),
(4,4),
(5,5),
(6,6),
(7,7),
(8,8),
(9,9),
(10,10);

insert into actual_receptions (fact_time, fact_num, id_reception, id_cell) values
('2022.03.02 7:01:00',1,1,1),
('2022.03.02 7:01:00',1,2,2),
('2022.03.02 7:01:00',1,3,3),
('2022.03.027:01:00',1,4,4),
('2022.03.02 7:01:00',1,5,5),
('2022.03.02 7:01:00',1,6,6),
('2022.03.02 7:01:00',1,7,7),
('2022.03.02 7:01:00',1,8,8),
('2022.03.02 7:01:00',1,9,9),
('2022.03.02 7:01:00',1,10,10);

insert into `events` (event_time, id_patients, event_discription) values
('2022.03.01 7:01:00',1,'Необходима заправка таблеток ячейка 1'),
('2022.03.01 8:01:00',2,'Осталась одна таблетка ячейка 2'),
('2022.03.01 9:01:00',3,'Отказ от приема в течение 17 минут'),
('2022.03.01 10:01:00',4,'Отказ от приема в течение 15 минут'),
('2022.03.01 11:01:00',5,'Отказ от приема в течение 10 минут'),
('2022.03.01 12:01:00',6,'Осталась одна таблетка ячейка 6'),
('2022.03.01 13:01:00',7,'Необходима заправка таблеток ячейка 7'),
('2022.03.01 14:01:00',8,'Заправка лекарства ячейка 8'),
('2022.03.01 15:01:00',9,'Прекращение выдачи лекарства ячейка 9'),
('2022.03.01 16:01:00',10,'Отказ от приема в течение 12 минут');

insert into telemetry (telemetry_time,id_patients,telemetry_temp,telemetry_bar,telemetry_charge) values
('2022.03.02 16:01:00',1,23,100123,57),
('2022.03.02 16:01:00',2,22,100456,61),
('2022.03.03 16:01:00',3,18,100247,82),
('2022.03.04 16:01:00',4,25,100424,74),
('2022.03.05 16:01:00',5,28,100245,31),
('2022.03.06 16:01:00',6,29,100428,96),
('2022.03.07 16:01:00',7,14,100758,74),
('2022.03.08 16:01:00',8,25,100125,21),
('2022.03.09 16:01:00',9,17,100782,15),
('2022.03.10 16:01:00',10,30,100135,82);

